{
  "species": "dragonborn",
  "vowel_weights": {
    "a": 0.22494926433282597,
    "e": 0.22311009639776763,
    "i": 0.2210806697108067,
    "o": 0.22146118721461186,
    "u": 0.10939878234398782
  },
  "consonant_weights": {
    "c": 0.055509590071455436,
    "r": 0.4959383226776984,
    "k": 0.11587062805566002,
    "x": 0.06389620157954118,
    "s": 0.06246709289206469,
    "n": 0.07235802933433622,
    "d": 0.06163971417826251,
    "g": 0.06126363294471606,
    "b": 0.00613012410680707,
    "l": 0.004926664159458443
  },
  "cluster_weights": {
    "cr": 0.11059493481192867,
    "kr": 0.10744792447175183,
    "xs": 0.014461261801288776,
    "sk": 0.1123182976172636,
    "rc": 0.028472950696838004,
    "rn": 0.13592087516858983,
    "nc": 0.013487187172186423,
    "dr": 0.11014536190618912,
    "nd": 0.015210549977521354,
    "xc": 0.01288775663120036,
    "rg": 0.028547879514461263,
    "gr": 0.11044507717668216,
    "nk": 0.01356211598980968,
    "xk": 0.012662970178330585,
    "rk": 0.02959688296118687,
    "ng": 0.0156601228832609,
    "xg": 0.014611119436535291,
    "rr": 0.005245017233628053,
    "rd": 0.030870672860782256,
    "ns": 0.015959838153753934,
    "xd": 0.014461261801288776,
    "rb": 0.0025475797991907686,
    "xn": 0.0007492881762325791,
    "rs": 0.030870672860782256,
    "rl": 0.002172935711074479,
    "xr": 0.002322793346320995,
    "xl": 0.0013487187172186424,
    "nb": 0.0012737898995953843,
    "nr": 0.002397722163944253,
    "xb": 0.0011239322643488685,
    "nn": 0.0016484339877116739,
    "nl": 0.0009740746291023528
  },
  "suffix_weights": {
    "ir": 0.19714285714285715,
    "rn": 0.2,
    "ex": 0.20085714285714285,
    "ro": 0.02542857142857143,
    "ru": 0.03,
    "ra": 0.031142857142857142,
    "ar": 0.20285714285714285,
    "re": 0.025714285714285714,
    "ka": 0.004857142857142857,
    "ku": 0.01,
    "ri": 0.028,
    "so": 0.00028571428571428574,
    "di": 0.001142857142857143,
    "ko": 0.009142857142857144,
    "ki": 0.006285714285714286,
    "si": 0.00028571428571428574,
    "be": 0.0008571428571428571,
    "la": 0.0008571428571428571,
    "ni": 0.0008571428571428571,
    "de": 0.0008571428571428571,
    "ke": 0.0074285714285714285,
    "bo": 0.001142857142857143,
    "go": 0.0005714285714285715,
    "ba": 0.0008571428571428571,
    "da": 0.001142857142857143,
    "du": 0.001142857142857143,
    "gu": 0.0014285714285714286,
    "se": 0.0005714285714285715,
    "sa": 0.001142857142857143,
    "nu": 0.001142857142857143,
    "ge": 0.0005714285714285715,
    "no": 0.0008571428571428571,
    "su": 0.0005714285714285715,
    "lo": 0.001142857142857143,
    "li": 0.00028571428571428574,
    "do": 0.0008571428571428571,
    "na": 0.00028571428571428574,
    "bu": 0.00028571428571428574,
    "lu": 0.0005714285714285715,
    "ne": 0.0008571428571428571,
    "gi": 0.0005714285714285715
  },
  "syllable_distribution": {
    "4": 0.21114285714285713,
    "2": 0.336,
    "3": 0.40114285714285713,
    "5": 0.047142857142857146,
    "6": 0.004571428571428572
  }
}