{
  "species": "drow",
  "vowel_weights": {
    "a": 0.2494609011462944,
    "e": 0.24866643967767563,
    "i": 0.2551356259221428,
    "o": 0.24673703325388718
  },
  "consonant_weights": {
    "r": 0.4256410256410256,
    "z": 0.12661674608577264,
    "d": 0.22087587928295893,
    "l": 0.10224642614023145,
    "w": 0.12461992285001135
  },
  "cluster_weights": {
    "rz": 0.04012841091492777,
    "zr": 0.2132943064866396,
    "rd": 0.039467472382211315,
    "dr": 0.2111226513077141,
    "dz": 0.03927863280143518,
    "rr": 0.008403361344537815,
    "dd": 0.038051175526390334,
    "dw": 0.038334434897554524,
    "wr": 0.20800679822490795,
    "lw": 0.0403172504957039,
    "rw": 0.037106977622509675,
    "ld": 0.035596260976300635,
    "lr": 0.008214521763761685,
    "lz": 0.04267774525540553
  },
  "suffix_weights": {
    "ra": 0.054,
    "ri": 0.044571428571428574,
    "ol": 0.06628571428571428,
    "od": 0.05885714285714286,
    "ir": 0.06285714285714286,
    "ar": 0.06028571428571428,
    "il": 0.062285714285714285,
    "ad": 0.05914285714285714,
    "al": 0.06514285714285714,
    "ed": 0.06428571428571428,
    "id": 0.058,
    "ro": 0.054285714285714284,
    "or": 0.06371428571428571,
    "zo": 0.0037142857142857142,
    "er": 0.06514285714285714,
    "el": 0.06628571428571428,
    "re": 0.05171428571428571,
    "ze": 0.0025714285714285713,
    "da": 0.0037142857142857142,
    "we": 0.0037142857142857142,
    "zi": 0.004857142857142857,
    "wi": 0.0025714285714285713,
    "wo": 0.004285714285714286,
    "di": 0.004571428571428572,
    "wa": 0.0034285714285714284,
    "de": 0.0034285714285714284,
    "za": 0.0034285714285714284,
    "do": 0.002857142857142857
  },
  "syllable_distribution": {
    "3": 0.5174285714285715,
    "2": 0.4825714285714286
  }
}