{
  "species": "duergar",
  "vowel_weights": {
    "e": 0.14795125541833648,
    "a": 0.2829802895231864,
    "u": 0.2836345792099452,
    "i": 0.14140835855074835,
    "o": 0.1440255172977836
  },
  "consonant_weights": {
    "h": 0.08361858190709047,
    "g": 0.29641401792991035,
    "r": 0.29881825590872046,
    "t": 0.08211083944580277,
    "k": 0.15603096984515077,
    "d": 0.08300733496332519
  },
  "cluster_weights": {
    "rh": 0.008111239860950173,
    "gt": 0.02183795347178893,
    "th": 0.1552723059096176,
    "gr": 0.3165166235849898,
    "rt": 0.041982351368214633,
    "rd": 0.042784561903913006,
    "kk": 0.020768339424191106,
    "kr": 0.15874855156431056,
    "rk": 0.04474552099117569,
    "kd": 0.02433371958285052,
    "rr": 0.007843836349050717,
    "kg": 0.02219449148765487,
    "kh": 0.00410018718245833,
    "rg": 0.0434085034316784,
    "gk": 0.020322666904358678,
    "gg": 0.022105356983688387,
    "gd": 0.020500935912291646,
    "kt": 0.02183795347178893,
    "gh": 0.0025849006150280773
  },
  "suffix_weights": {
    "uk": 0.04428571428571428,
    "ag": 0.04,
    "ig": 0.03485714285714286,
    "gr": 0.19514285714285715,
    "ru": 0.01685714285714286,
    "ek": 0.04428571428571428,
    "ug": 0.04057142857142857,
    "hu": 0.009714285714285713,
    "ar": 0.1997142857142857,
    "eg": 0.039714285714285716,
    "ok": 0.04057142857142857,
    "ik": 0.041428571428571426,
    "ro": 0.015428571428571429,
    "re": 0.019428571428571427,
    "ra": 0.012571428571428572,
    "ue": 0.005714285714285714,
    "ri": 0.020285714285714285,
    "he": 0.007714285714285714,
    "hi": 0.009142857142857144,
    "ak": 0.04228571428571429,
    "uu": 0.01,
    "og": 0.038285714285714284,
    "ho": 0.011142857142857144,
    "di": 0.002285714285714286,
    "uo": 0.009428571428571429,
    "ha": 0.01,
    "ua": 0.008,
    "ka": 0.0014285714285714286,
    "ui": 0.006,
    "ko": 0.0008571428571428571,
    "da": 0.0014285714285714286,
    "to": 0.0017142857142857142,
    "ki": 0.002857142857142857,
    "ti": 0.0014285714285714286,
    "ge": 0.001142857142857143,
    "ku": 0.0008571428571428571,
    "tu": 0.001142857142857143,
    "ga": 0.002,
    "go": 0.002,
    "du": 0.0008571428571428571,
    "do": 0.002,
    "ke": 0.00028571428571428574,
    "gi": 0.0008571428571428571,
    "ta": 0.0005714285714285715,
    "te": 0.0017142857142857142,
    "gu": 0.0008571428571428571,
    "de": 0.001142857142857143
  },
  "syllable_distribution": {
    "4": 0.212,
    "2": 0.32057142857142856,
    "3": 0.4134285714285714,
    "5": 0.04857142857142857,
    "6": 0.0054285714285714284
  }
}