{
  "species": "dwarf",
  "vowel_weights": {
    "i": 0.20347807976673957,
    "u": 0.19863584296573988,
    "e": 0.1950952827241487,
    "o": 0.20665417057169636,
    "a": 0.19613662397167553
  },
  "consonant_weights": {
    "b": 0.199577776633541,
    "r": 0.20076206168580402,
    "m": 0.19690026260233767,
    "g": 0.19988672056021833,
    "d": 0.20287317851809897
  },
  "cluster_weights": {
    "rd": 0.02702702702702703,
    "rg": 0.04573804573804574,
    "dr": 0.05093555093555094,
    "gg": 0.037422037422037424,
    "bd": 0.058212058212058215,
    "dm": 0.035343035343035345,
    "bb": 0.04365904365904366,
    "br": 0.060291060291060294,
    "bg": 0.035343035343035345,
    "gr": 0.04365904365904366,
    "mg": 0.04677754677754678,
    "mb": 0.033264033264033266,
    "mm": 0.035343035343035345,
    "md": 0.037422037422037424,
    "bm": 0.031185031185031187,
    "mr": 0.02598752598752599,
    "rr": 0.033264033264033266,
    "db": 0.02390852390852391,
    "gd": 0.032224532224532226,
    "dg": 0.029106029106029108,
    "gm": 0.04573804573804574,
    "gb": 0.04054054054054054,
    "dd": 0.04573804573804574,
    "rm": 0.06444906444906445,
    "rb": 0.037422037422037424
  },
  "suffix_weights": {
    "re": 0.03414965986394558,
    "go": 0.0364625850340136,
    "ie": 0.0016326530612244899,
    "mo": 0.0345578231292517,
    "me": 0.03659863945578231,
    "bo": 0.03578231292517007,
    "ae": 0.0019047619047619048,
    "mu": 0.03387755102040816,
    "ri": 0.03496598639455782,
    "ru": 0.04013605442176871,
    "di": 0.028707482993197277,
    "ga": 0.03156462585034014,
    "de": 0.03292517006802721,
    "bu": 0.03238095238095238,
    "da": 0.03510204081632653,
    "du": 0.03510204081632653,
    "gi": 0.03414965986394558,
    "do": 0.03224489795918367,
    "ro": 0.036734693877551024,
    "ma": 0.034829931972789115,
    "bi": 0.03782312925170068,
    "gu": 0.04040816326530612,
    "ba": 0.0308843537414966,
    "ge": 0.0345578231292517,
    "be": 0.035238095238095235,
    "iu": 0.0021768707482993197,
    "ra": 0.030068027210884352,
    "oi": 0.0019047619047619048,
    "oe": 0.0013605442176870747,
    "io": 0.002993197278911565,
    "og": 0.002993197278911565,
    "mi": 0.0380952380952381,
    "am": 0.0038095238095238095,
    "id": 0.002857142857142857,
    "ud": 0.003401360544217687,
    "ii": 0.0027210884353741495,
    "or": 0.0025850340136054422,
    "eg": 0.002993197278911565,
    "ao": 0.0021768707482993197,
    "ia": 0.0019047619047619048,
    "ad": 0.004761904761904762,
    "om": 0.005442176870748299,
    "od": 0.0038095238095238095,
    "ob": 0.003673469387755102,
    "ab": 0.004217687074829932,
    "gg": 0.00027210884353741496,
    "um": 0.003401360544217687,
    "gr": 0.0005442176870748299,
    "au": 0.0021768707482993197,
    "ed": 0.002857142857142857,
    "er": 0.003945578231292517,
    "ug": 0.003129251700680272,
    "ai": 0.0016326530612244899,
    "aa": 0.0021768707482993197,
    "em": 0.0027210884353741495,
    "im": 0.0027210884353741495,
    "ib": 0.005306122448979592,
    "ar": 0.004625850340136055,
    "ig": 0.003129251700680272,
    "ub": 0.0025850340136054422,
    "oa": 0.0010884353741496598,
    "ea": 0.0010884353741496598,
    "gb": 0.00040816326530612246,
    "ir": 0.002993197278911565,
    "ei": 0.0010884353741496598,
    "ee": 0.00027210884353741496,
    "eo": 0.0021768707482993197,
    "eb": 0.0016326530612244899,
    "ur": 0.0027210884353741495,
    "uu": 0.0016326530612244899,
    "eu": 0.0019047619047619048,
    "ag": 0.0024489795918367346,
    "ue": 0.0016326530612244899,
    "bm": 0.00013605442176870748,
    "oo": 0.0013605442176870747,
    "ou": 0.0021768707482993197,
    "bg": 0.00013605442176870748,
    "mm": 0.00013605442176870748,
    "ua": 0.0013605442176870747,
    "ui": 0.0013605442176870747,
    "rg": 0.00040816326530612246,
    "gd": 0.00027210884353741496,
    "bb": 0.00027210884353741496,
    "uo": 0.0010884353741496598,
    "dr": 0.00040816326530612246,
    "md": 0.00027210884353741496,
    "br": 0.00013605442176870748,
    "dm": 0.00013605442176870748,
    "dd": 0.00027210884353741496,
    "gm": 0.00027210884353741496,
    "rr": 0.00013605442176870748,
    "mg": 0.00027210884353741496,
    "rd": 0.00013605442176870748,
    "bd": 0.00027210884353741496
  },
  "syllable_distribution": {
    "3": 0.5575510204081633,
    "1": 0.04353741496598639,
    "2": 0.39891156462585037
  }
}