{
  "species": "genasi-fire",
  "vowel_weights": {
    "a": 0.2797440972062411,
    "i": 0.27739678740737334,
    "e": 0.17913195563124223,
    "o": 0.18212362498274037,
    "u": 0.081603534772403
  },
  "consonant_weights": {
    "f": 0.36046808728090346,
    "l": 0.10818130716950279,
    "r": 0.5017118912565793,
    "d": 0.02963871429301446
  },
  "cluster_weights": {
    "fl": 0.30725689404934686,
    "rf": 0.29941944847605223,
    "fr": 0.3166908563134978,
    "rr": 0.05137880986937591,
    "rd": 0.025253991291727142
  },
  "suffix_weights": {
    "re": 0.26171428571428573,
    "ar": 0.25,
    "au": 0.009428571428571429,
    "or": 0.25685714285714284,
    "iu": 0.012285714285714285,
    "ro": 0.019714285714285715,
    "di": 0.0037142857142857142,
    "ia": 0.014,
    "ru": 0.017142857142857144,
    "fa": 0.003142857142857143,
    "ri": 0.018857142857142857,
    "aa": 0.014,
    "fo": 0.0034285714285714284,
    "ra": 0.02057142857142857,
    "ae": 0.012857142857142857,
    "io": 0.014,
    "ao": 0.010571428571428572,
    "do": 0.0037142857142857142,
    "ie": 0.010285714285714285,
    "fu": 0.004,
    "fi": 0.0025714285714285713,
    "du": 0.004,
    "ai": 0.007142857142857143,
    "ii": 0.014285714285714285,
    "de": 0.002857142857142857,
    "fe": 0.004857142857142857,
    "da": 0.004
  },
  "syllable_distribution": {
    "3": 0.402,
    "4": 0.23714285714285716,
    "2": 0.2834285714285714,
    "6": 0.007142857142857143,
    "5": 0.07028571428571428
  }
}