{
  "species": "genasi-earth",
  "vowel_weights": {
    "a": 0.4327383941206007,
    "o": 0.13666864472543022,
    "i": 0.09649883598849683,
    "e": 0.3340941251654722
  },
  "consonant_weights": {
    "h": 0.17400337618491105,
    "r": 0.5967406830281782,
    "t": 0.17302947669133878,
    "d": 0.027269185820023373,
    "n": 0.02895727827554863
  },
  "cluster_weights": {
    "th": 0.6925925925925925,
    "rd": 0.03981481481481482,
    "rh": 0.039197530864197534,
    "rt": 0.040740740740740744,
    "hr": 0.018209876543209876,
    "hh": 0.020679012345679013,
    "hn": 0.020987654320987655,
    "rr": 0.044444444444444446,
    "ht": 0.020679012345679013,
    "rn": 0.042901234567901236,
    "hd": 0.019753086419753086
  },
  "suffix_weights": {
    "th": 0.2551428571428571,
    "ro": 0.04428571428571428,
    "ra": 0.05,
    "ir": 0.23714285714285716,
    "ar": 0.24828571428571428,
    "ae": 0.021714285714285714,
    "re": 0.04914285714285714,
    "ho": 0.0034285714285714284,
    "de": 0.005714285714285714,
    "aa": 0.01657142857142857,
    "ao": 0.021714285714285714,
    "ne": 0.005714285714285714,
    "no": 0.0034285714285714284,
    "te": 0.0034285714285714284,
    "he": 0.005142857142857143,
    "to": 0.004571428571428572,
    "na": 0.006285714285714286,
    "ha": 0.006,
    "ta": 0.004571428571428572,
    "do": 0.004857142857142857,
    "da": 0.002857142857142857
  },
  "syllable_distribution": {
    "3": 0.34114285714285714,
    "4": 0.2865714285714286,
    "1": 0.01657142857142857,
    "2": 0.17114285714285715,
    "5": 0.15085714285714286,
    "6": 0.03371428571428572
  }
}