{
  "species": "genasi-air",
  "vowel_weights": {
    "u": 0.09262407230813881,
    "a": 0.3625357601890626,
    "i": 0.45395746092292383,
    "o": 0.09088270657987478
  },
  "consonant_weights": {
    "f": 0.02204500431756997,
    "r": 0.3336719662721593,
    "s": 0.24498399959364048,
    "h": 0.24335856148727586,
    "t": 0.1332351297810738,
    "n": 0.02270533854828059
  },
  "cluster_weights": {
    "rs": 0.2622753046205815,
    "sh": 0.2628785136928459,
    "rt": 0.14404632645674992,
    "th": 0.2588973338159006,
    "rh": 0.023887079261672096,
    "rn": 0.0249728555917481,
    "rf": 0.02304258656050187
  },
  "suffix_weights": {
    "ao": 0.015714285714285715,
    "ir": 0.504,
    "au": 0.018857142857142857,
    "ia": 0.038285714285714284,
    "io": 0.032,
    "aa": 0.014571428571428572,
    "ar": 0.2402857142857143,
    "no": 0.004285714285714286,
    "ai": 0.014,
    "to": 0.004857142857142857,
    "ta": 0.0034285714285714284,
    "na": 0.002285714285714286,
    "iu": 0.023714285714285716,
    "nu": 0.004857142857142857,
    "fo": 0.004285714285714286,
    "ii": 0.028285714285714286,
    "su": 0.003142857142857143,
    "hu": 0.003142857142857143,
    "fu": 0.004,
    "so": 0.0025714285714285713,
    "si": 0.002857142857142857,
    "hi": 0.004571428571428572,
    "tu": 0.0037142857142857142,
    "fi": 0.0025714285714285713,
    "ha": 0.002857142857142857,
    "ni": 0.002857142857142857,
    "ho": 0.003142857142857143,
    "fa": 0.0025714285714285713,
    "ti": 0.0034285714285714284,
    "sa": 0.004857142857142857
  },
  "syllable_distribution": {
    "3": 0.5122857142857142,
    "2": 0.4877142857142857
  }
}