{
  "species": "genasi-water",
  "vowel_weights": {
    "a": 0.27531947792077854,
    "e": 0.18140888626131246,
    "i": 0.18522897812542635,
    "o": 0.2786847969439265,
    "u": 0.0793578607485561
  },
  "consonant_weights": {
    "r": 0.5829888070989211,
    "t": 0.24644549763033174,
    "w": 0.12755873752142785,
    "n": 0.02127659574468085,
    "l": 0.0217303620046385
  },
  "cluster_weights": {
    "rr": 0.56067472306143,
    "rw": 0.2849949647532729,
    "rt": 0.048841893252769386,
    "rl": 0.0526183282980866,
    "rn": 0.052870090634441085
  },
  "suffix_weights": {
    "io": 0.014285714285714285,
    "or": 0.508,
    "aa": 0.025714285714285714,
    "er": 0.24714285714285714,
    "ae": 0.025714285714285714,
    "ai": 0.022285714285714287,
    "li": 0.0034285714285714284,
    "tu": 0.002857142857142857,
    "ie": 0.014285714285714285,
    "ii": 0.009428571428571429,
    "au": 0.02057142857142857,
    "te": 0.002857142857142857,
    "ao": 0.02542857142857143,
    "iu": 0.010285714285714285,
    "ia": 0.016,
    "ri": 0.0017142857142857142,
    "wi": 0.0014285714285714286,
    "ra": 0.002857142857142857,
    "wo": 0.004,
    "le": 0.0034285714285714284,
    "la": 0.002857142857142857,
    "ru": 0.0025714285714285713,
    "nu": 0.0017142857142857142,
    "wa": 0.002285714285714286,
    "we": 0.0025714285714285713,
    "to": 0.003142857142857143,
    "ne": 0.002857142857142857,
    "lo": 0.002857142857142857,
    "ti": 0.0014285714285714286,
    "wu": 0.0025714285714285713,
    "ni": 0.002,
    "re": 0.002857142857142857,
    "ro": 0.0014285714285714286,
    "na": 0.002857142857142857,
    "lu": 0.0008571428571428571,
    "no": 0.002857142857142857,
    "ta": 0.0005714285714285715
  },
  "syllable_distribution": {
    "3": 0.3,
    "4": 0.3117142857142857,
    "6": 0.06828571428571428,
    "5": 0.19342857142857142,
    "2": 0.12657142857142858
  }
}