{
  "species": "gnome",
  "vowel_weights": {
    "i": 0.5475236001551791,
    "e": 0.11386266649424544,
    "u": 0.11386266649424544,
    "a": 0.10965989913358334,
    "o": 0.11509116772274668
  },
  "consonant_weights": {
    "n": 0.12884660168335607,
    "g": 0.22655444292890647,
    "m": 0.1302105858478326,
    "c": 0.22123157789680295,
    "r": 0.07215808909145348,
    "k": 0.14657839582155094,
    "w": 0.07442030673009747
  },
  "cluster_weights": {
    "gm": 0.20491282558057458,
    "ck": 0.31100444695418933,
    "cg": 0.0719983059222136,
    "kg": 0.14498482388649678,
    "gn": 0.203148161219736,
    "km": 0.01976424084139197,
    "cn": 0.01030563986729724,
    "kn": 0.022305357520999505,
    "cm": 0.01157619820710101
  },
  "suffix_weights": {
    "ic": 0.2611428571428571,
    "ck": 0.5017142857142857,
    "mo": 0.019142857142857142,
    "ma": 0.019142857142857142,
    "mu": 0.023428571428571427,
    "nu": 0.020285714285714285,
    "ni": 0.022285714285714287,
    "na": 0.019714285714285715,
    "no": 0.022571428571428572,
    "gu": 0.006857142857142857,
    "me": 0.023142857142857142,
    "mi": 0.019714285714285715,
    "ne": 0.019428571428571427,
    "go": 0.006,
    "gi": 0.005714285714285714,
    "ga": 0.0054285714285714284,
    "ge": 0.004285714285714286
  },
  "syllable_distribution": {
    "2": 0.12028571428571429,
    "3": 0.29914285714285715,
    "5": 0.19114285714285714,
    "4": 0.3262857142857143,
    "6": 0.06314285714285714
  }
}