{
  "species": "goliath",
  "vowel_weights": {
    "i": 0.11563011024951206,
    "a": 0.4933797541805138,
    "o": 0.27419950414095057,
    "e": 0.11679063142902359
  },
  "consonant_weights": {
    "h": 0.1930435463046285,
    "t": 0.19171329081732463,
    "g": 0.24500176063226262,
    "l": 0.24601901482843616,
    "n": 0.019523455534254077,
    "r": 0.10469893188309402
  },
  "cluster_weights": {
    "th": 0.3935599284436494,
    "hg": 0.16610017889087655,
    "hn": 0.014490161001788909,
    "rg": 0.08506261180679785,
    "hr": 0.012880143112701253,
    "gl": 0.25143112701252235,
    "hh": 0.014311270125223614,
    "hl": 0.014490161001788909,
    "rh": 0.007334525939177102,
    "rl": 0.0064400715563506265,
    "rr": 0.007960644007155635,
    "ht": 0.011538461538461539,
    "rt": 0.0072450805008944545,
    "rn": 0.007155635062611807
  },
  "suffix_weights": {
    "no": 0.003142857142857143,
    "ar": 0.23457142857142857,
    "th": 0.5102857142857142,
    "li": 0.025714285714285714,
    "ae": 0.02057142857142857,
    "la": 0.026857142857142857,
    "ao": 0.017142857142857144,
    "lo": 0.024857142857142855,
    "aa": 0.02057142857142857,
    "ni": 0.004571428571428572,
    "ha": 0.0034285714285714284,
    "ai": 0.019428571428571427,
    "he": 0.0054285714285714284,
    "ne": 0.004,
    "to": 0.004285714285714286,
    "na": 0.004571428571428572,
    "hi": 0.005142857142857143,
    "re": 0.004,
    "le": 0.025714285714285714,
    "ra": 0.003142857142857143,
    "ga": 0.004,
    "te": 0.0017142857142857142,
    "ri": 0.004857142857142857,
    "ge": 0.002857142857142857,
    "ho": 0.004285714285714286,
    "go": 0.002857142857142857,
    "gi": 0.0025714285714285713,
    "ta": 0.002857142857142857,
    "ti": 0.0037142857142857142,
    "ro": 0.002857142857142857
  },
  "syllable_distribution": {
    "4": 0.2814285714285714,
    "2": 0.216,
    "3": 0.36457142857142855,
    "5": 0.116,
    "6": 0.022
  }
}