{
  "species": "half-orc",
  "vowel_weights": {
    "a": 0.19804234008650126,
    "o": 0.20680628272251309,
    "e": 0.20327794218074208,
    "i": 0.18984748463464604,
    "u": 0.20202595037559753
  },
  "consonant_weights": {
    "f": 0.08725574961092858,
    "r": 0.3100121044440602,
    "n": 0.09386131765519626,
    "k": 0.13819816704132803,
    "g": 0.17924952446826906,
    "b": 0.044613522393221514,
    "d": 0.09209752723499913,
    "l": 0.044959363652083695,
    "m": 0.004945530001729206,
    "t": 0.004807193498184334
  },
  "cluster_weights": {
    "fr": 0.07079852795139903,
    "nk": 0.07699047841579532,
    "kg": 0.0153630469069455,
    "gr": 0.14895729890764647,
    "kb": 0.014369998247561189,
    "br": 0.07535486885916233,
    "kr": 0.07640633214556924,
    "rb": 0.00578304807523804,
    "nd": 0.07336877154039372,
    "df": 0.012442315555815176,
    "rg": 0.07891816110754132,
    "gf": 0.02774694783573807,
    "fl": 0.06717682107599743,
    "gk": 0.014019510485425551,
    "gd": 0.012968047199018635,
    "dr": 0.07558852736725276,
    "rk": 0.0072434137508032015,
    "rf": 0.012442315555815176,
    "kf": 0.02751328932764764,
    "gb": 0.012500730182837783,
    "gg": 0.013435364215199487,
    "kk": 0.013493778842222092,
    "gn": 0.0011098779134295228,
    "rd": 0.006951340615690168,
    "km": 0.001518780302587768,
    "dt": 0.0008762194053390969,
    "dn": 0.0008178047783164905,
    "dk": 0.007184999123780594,
    "kd": 0.013902681231380337,
    "db": 0.006659267480577136,
    "dg": 0.007944389275074478,
    "gt": 0.001401951048542555,
    "dd": 0.00642560897248671,
    "gm": 0.0015771949296103744,
    "rm": 0.0007009755242712775,
    "kl": 0.0011098779134295228,
    "rr": 0.0005841462702260646,
    "rt": 0.000759390151293884,
    "kn": 0.0016940241836555874,
    "gl": 0.0018692680647234066,
    "dm": 0.000759390151293884,
    "rn": 0.0005257316432034581,
    "dl": 0.0011682925404521293,
    "kt": 0.0008178047783164905,
    "rl": 0.000759390151293884
  },
  "suffix_weights": {
    "nk": 0.14771428571428571,
    "eg": 0.032,
    "gr": 0.14542857142857143,
    "ug": 0.03,
    "re": 0.019142857142857142,
    "rg": 0.14314285714285716,
    "ra": 0.022857142857142857,
    "nd": 0.13914285714285715,
    "ek": 0.029142857142857144,
    "ig": 0.027428571428571427,
    "ag": 0.027428571428571427,
    "nu": 0.0005714285714285715,
    "lo": 0.005142857142857143,
    "uk": 0.02942857142857143,
    "ru": 0.02057142857142857,
    "la": 0.0054285714285714284,
    "le": 0.004857142857142857,
    "og": 0.027714285714285716,
    "ge": 0.00028571428571428574,
    "ro": 0.022,
    "ik": 0.028857142857142856,
    "ak": 0.022571428571428572,
    "ri": 0.018571428571428572,
    "li": 0.003142857142857143,
    "ti": 0.0005714285714285715,
    "mi": 0.001142857142857143,
    "ok": 0.03,
    "ku": 0.00028571428571428574,
    "lu": 0.004285714285714286,
    "ke": 0.0008571428571428571,
    "da": 0.001142857142857143,
    "di": 0.00028571428571428574,
    "ma": 0.0014285714285714286,
    "ga": 0.0005714285714285715,
    "mu": 0.0008571428571428571,
    "fe": 0.0008571428571428571,
    "no": 0.0008571428571428571,
    "du": 0.00028571428571428574,
    "go": 0.00028571428571428574,
    "gi": 0.0005714285714285715,
    "ne": 0.0008571428571428571,
    "fi": 0.00028571428571428574,
    "ko": 0.00028571428571428574,
    "gu": 0.0005714285714285715,
    "me": 0.00028571428571428574,
    "tu": 0.00028571428571428574,
    "ka": 0.00028571428571428574,
    "fa": 0.00028571428571428574
  },
  "syllable_distribution": {
    "2": 0.4897142857142857,
    "3": 0.5102857142857142
  }
}