{
  "species": "hobgoblin",
  "vowel_weights": {
    "o": 0.29882259707913505,
    "e": 0.09996603645420582,
    "u": 0.19863013698630136,
    "i": 0.1989131665345862,
    "a": 0.20366806294577153
  },
  "consonant_weights": {
    "h": 0.09016286076059905,
    "b": 0.1653931799327599,
    "n": 0.31908483604767934,
    "g": 0.08706283019691743,
    "r": 0.24044884949569925,
    "l": 0.010042352530236213,
    "k": 0.08780509103610881
  },
  "cluster_weights": {
    "ng": 0.10277513981217686,
    "gr": 0.18560725968133376,
    "nl": 0.012134641764271394,
    "nh": 0.102142028067954,
    "nb": 0.10087580457950829,
    "br": 0.18381344307270234,
    "kr": 0.18318033132847947,
    "nk": 0.10446343779677113,
    "nr": 0.013084309380605678,
    "nn": 0.011923604516197108
  },
  "suffix_weights": {
    "on": 0.20457142857142857,
    "in": 0.2037142857142857,
    "he": 0.0014285714285714286,
    "an": 0.20742857142857143,
    "un": 0.19314285714285714,
    "ra": 0.02057142857142857,
    "ba": 0.009428571428571429,
    "re": 0.025714285714285714,
    "bo": 0.006285714285714286,
    "bu": 0.009142857142857144,
    "bi": 0.008285714285714285,
    "ru": 0.027428571428571427,
    "no": 0.0008571428571428571,
    "ge": 0.0008571428571428571,
    "ro": 0.022,
    "ri": 0.022857142857142857,
    "ku": 0.0014285714285714286,
    "be": 0.011428571428571429,
    "li": 0.001142857142857143,
    "gi": 0.001142857142857143,
    "ha": 0.0017142857142857142,
    "le": 0.0014285714285714286,
    "ka": 0.0017142857142857142,
    "ko": 0.001142857142857143,
    "nu": 0.0017142857142857142,
    "hi": 0.001142857142857143,
    "ke": 0.001142857142857143,
    "lu": 0.0014285714285714286,
    "gu": 0.0008571428571428571,
    "ga": 0.0008571428571428571,
    "hu": 0.0017142857142857142,
    "go": 0.0014285714285714286,
    "la": 0.0014285714285714286,
    "ni": 0.0008571428571428571,
    "ne": 0.00028571428571428574,
    "ki": 0.0008571428571428571,
    "ho": 0.0005714285714285715,
    "lo": 0.0005714285714285715,
    "na": 0.00028571428571428574
  },
  "syllable_distribution": {
    "3": 0.4134285714285714,
    "4": 0.21257142857142858,
    "6": 0.004285714285714286,
    "5": 0.05714285714285714,
    "2": 0.31257142857142856
  }
}