{
  "species": "human",
  "vowel_weights": {
    "a": 0.205394300163304,
    "i": 0.19854606753410947,
    "o": 0.1954380234947058,
    "e": 0.19902017594689986,
    "u": 0.20160143286098087
  },
  "consonant_weights": {
    "r": 0.16854401335002087,
    "m": 0.16499791405924072,
    "n": 0.16098247809762203,
    "s": 0.17532332081768878,
    "l": 0.16525865665415101,
    "t": 0.16489361702127658
  },
  "cluster_weights": {
    "mm": 0.019153225806451613,
    "ss": 0.02620967741935484,
    "ls": 0.025201612903225805,
    "ts": 0.03931451612903226,
    "rt": 0.03528225806451613,
    "ns": 0.02721774193548387,
    "sm": 0.019153225806451613,
    "tn": 0.020161290322580645,
    "sn": 0.04032258064516129,
    "ms": 0.03931451612903226,
    "mn": 0.03931451612903226,
    "rm": 0.036290322580645164,
    "tm": 0.020161290322580645,
    "ml": 0.03225806451612903,
    "rs": 0.038306451612903226,
    "sl": 0.029233870967741934,
    "lt": 0.02217741935483871,
    "lm": 0.03528225806451613,
    "mr": 0.02620967741935484,
    "rr": 0.02721774193548387,
    "rn": 0.025201612903225805,
    "nr": 0.036290322580645164,
    "nn": 0.01310483870967742,
    "mt": 0.04838709677419355,
    "lr": 0.018145161290322582,
    "nt": 0.024193548387096774,
    "nl": 0.024193548387096774,
    "st": 0.02620967741935484,
    "tr": 0.021169354838709676,
    "nm": 0.024193548387096774,
    "ll": 0.024193548387096774,
    "tl": 0.020161290322580645,
    "sr": 0.03931451612903226,
    "rl": 0.017137096774193547,
    "ln": 0.016129032258064516,
    "tt": 0.024193548387096774
  },
  "suffix_weights": {
    "ro": 0.030204081632653063,
    "ar": 0.002857142857142857,
    "as": 0.0019047619047619048,
    "er": 0.0032653061224489797,
    "aa": 0.0019047619047619048,
    "us": 0.0032653061224489797,
    "ao": 0.0019047619047619048,
    "al": 0.004081632653061225,
    "ti": 0.031020408163265307,
    "sa": 0.03510204081632653,
    "ir": 0.002857142857142857,
    "nu": 0.02857142857142857,
    "ru": 0.027891156462585033,
    "au": 0.0019047619047619048,
    "mi": 0.025170068027210883,
    "on": 0.004897959183673469,
    "el": 0.003401360544217687,
    "se": 0.028843537414965988,
    "re": 0.03333333333333333,
    "ol": 0.002993197278911565,
    "te": 0.030068027210884352,
    "no": 0.02857142857142857,
    "il": 0.0032653061224489797,
    "so": 0.028707482993197277,
    "si": 0.0291156462585034,
    "ot": 0.0020408163265306124,
    "oo": 0.0024489795918367346,
    "ne": 0.02585034013605442,
    "li": 0.02666666666666667,
    "ut": 0.0027210884353741495,
    "mo": 0.026258503401360545,
    "un": 0.003401360544217687,
    "um": 0.0038095238095238095,
    "ta": 0.026530612244897958,
    "tu": 0.02639455782312925,
    "lu": 0.030612244897959183,
    "ma": 0.030612244897959183,
    "to": 0.0308843537414966,
    "la": 0.027755102040816326,
    "mu": 0.02857142857142857,
    "ai": 0.0021768707482993197,
    "ni": 0.024217687074829932,
    "su": 0.031292517006802724,
    "me": 0.02639455782312925,
    "ra": 0.027891156462585033,
    "ri": 0.03414965986394558,
    "le": 0.030612244897959183,
    "at": 0.0019047619047619048,
    "lo": 0.026530612244897958,
    "na": 0.028435374149659864,
    "is": 0.0024489795918367346,
    "ua": 0.0019047619047619048,
    "im": 0.0017687074829931973,
    "es": 0.003945578231292517,
    "ae": 0.0016326530612244899,
    "uu": 0.0021768707482993197,
    "oa": 0.0019047619047619048,
    "am": 0.0023129251700680273,
    "om": 0.0016326530612244899,
    "it": 0.0024489795918367346,
    "mt": 0.00013605442176870748,
    "ul": 0.003129251700680272,
    "et": 0.003129251700680272,
    "ee": 0.0021768707482993197,
    "eo": 0.0024489795918367346,
    "os": 0.003673469387755102,
    "ea": 0.0019047619047619048,
    "ue": 0.0016326530612244899,
    "in": 0.0014965986394557824,
    "io": 0.0019047619047619048,
    "iu": 0.0016326530612244899,
    "eu": 0.0016326530612244899,
    "ia": 0.0010884353741496598,
    "ur": 0.0025850340136054422,
    "en": 0.003401360544217687,
    "ei": 0.0010884353741496598,
    "an": 0.0014965986394557824,
    "nt": 0.00013605442176870748,
    "ie": 0.0019047619047619048,
    "uo": 0.0016326530612244899,
    "ts": 0.00027210884353741496,
    "em": 0.0027210884353741495,
    "ii": 0.0008163265306122449,
    "ui": 0.0016326530612244899,
    "rm": 0.00013605442176870748,
    "rt": 0.00027210884353741496,
    "tt": 0.0005442176870748299,
    "ml": 0.00013605442176870748,
    "oi": 0.0013605442176870747,
    "oe": 0.0016326530612244899,
    "or": 0.0009523809523809524,
    "lt": 0.00027210884353741496,
    "ou": 0.0016326530612244899,
    "rs": 0.00027210884353741496,
    "mr": 0.00013605442176870748,
    "tn": 0.00013605442176870748,
    "mn": 0.0008163265306122449,
    "sl": 0.00013605442176870748,
    "sn": 0.00013605442176870748,
    "tr": 0.00040816326530612246,
    "tl": 0.00027210884353741496,
    "ms": 0.00027210884353741496,
    "nr": 0.00027210884353741496,
    "sr": 0.00013605442176870748,
    "ns": 0.00027210884353741496,
    "ls": 0.00013605442176870748,
    "tm": 0.00013605442176870748,
    "lm": 0.00013605442176870748,
    "ss": 0.00013605442176870748,
    "rl": 0.00013605442176870748
  },
  "syllable_distribution": {
    "2": 0.4276190476190476,
    "3": 0.5262585034013605,
    "1": 0.046122448979591835
  }
}