{
  "species": "loxodon",
  "vowel_weights": {
    "u": 0.10699202252463633,
    "o": 0.7847020178320038,
    "a": 0.10830595964335993
  },
  "consonant_weights": {
    "n": 0.3429457232650981,
    "l": 0.2804297969931199,
    "x": 0.15497324386307654,
    "d": 0.2216512358787055
  },
  "cluster_weights": {
    "nl": 0.5054862842892768,
    "nn": 0.048628428927680795,
    "dd": 0.03266832917705736,
    "dl": 0.2491271820448878,
    "nx": 0.05187032418952618,
    "dx": 0.025187032418952617,
    "nd": 0.05885286783042394,
    "dn": 0.028179551122194512
  },
  "suffix_weights": {
    "xo": 0.047714285714285716,
    "od": 0.2422857142857143,
    "xu": 0.028285714285714286,
    "on": 0.5068571428571429,
    "nu": 0.027428571428571427,
    "xa": 0.02942857142857143,
    "du": 0.006571428571428572,
    "no": 0.04971428571428571,
    "lu": 0.0054285714285714284,
    "lo": 0.011428571428571429,
    "na": 0.023142857142857142,
    "la": 0.006285714285714286,
    "do": 0.012,
    "da": 0.0034285714285714284
  },
  "syllable_distribution": {
    "5": 0.2297142857142857,
    "4": 0.23942857142857144,
    "3": 0.1677142857142857,
    "6": 0.19428571428571428,
    "7": 0.10771428571428572,
    "2": 0.03142857142857143,
    "8": 0.026857142857142857,
    "9": 0.002857142857142857
  }
}