{
  "species": "orc",
  "vowel_weights": {
    "a": 0.22876580825577028,
    "u": 0.478400601026754,
    "o": 0.29283359071747567
  },
  "consonant_weights": {
    "h": 0.03893024174955537,
    "s": 0.038491096326548534,
    "d": 0.04659332938102453,
    "r": 0.3059745734800079,
    "g": 0.29242693718024726,
    "k": 0.14309553608677514,
    "b": 0.041565114287596336,
    "z": 0.03559273653470347,
    "m": 0.044924576773598575,
    "t": 0.006235865006696968,
    "n": 0.006169993193245943
  },
  "cluster_weights": {
    "dr": 0.09279049158108742,
    "gk": 0.02512641401240682,
    "kr": 0.10196528175989157,
    "rg": 0.19663243496846167,
    "br": 0.09404159933274253,
    "gr": 0.18000312776937913,
    "gd": 0.02215503310222593,
    "rb": 0.008132200385758223,
    "rt": 0.001042589793045926,
    "sh": 0.08955846322264505,
    "hg": 0.00860136579262889,
    "kg": 0.018453839336912893,
    "hk": 0.008862013240890372,
    "kn": 0.0016681436688734817,
    "rm": 0.0006255538758275556,
    "gg": 0.026846687170932595,
    "hb": 0.006099150289318667,
    "kb": 0.014074962206120003,
    "hr": 0.001042589793045926,
    "hm": 0.0009904603033936297,
    "hd": 0.007506646509930668,
    "gb": 0.020539018923004745,
    "kd": 0.015586717406036595,
    "rk": 0.009226919668456447,
    "rd": 0.008027941406453631,
    "kk": 0.017567638012823853,
    "gm": 0.0033884168273992598,
    "kt": 0.0017724026481780743,
    "gt": 0.0026586039722671117,
    "gn": 0.0026064744826148154,
    "hn": 0.000521294896522963,
    "sz": 5.2129489652296305e-05,
    "zz": 0.00010425897930459261,
    "rr": 0.003961841213574519,
    "hh": 0.0001563884689568889,
    "rn": 0.0008340718344367409,
    "ks": 0.0001563884689568889,
    "bg": 0.0005734243861752593,
    "kh": 5.2129489652296305e-05,
    "rh": 0.0001563884689568889,
    "dg": 0.00036490642756607415,
    "ht": 0.0008862013240890372,
    "km": 0.0013032372413074077,
    "sd": 5.2129489652296305e-05,
    "mr": 0.00020851795860918522,
    "rs": 0.00041703591721837044,
    "dk": 0.0001563884689568889,
    "sr": 0.00020851795860918522,
    "zk": 0.0001563884689568889,
    "mg": 0.00010425897930459261,
    "rz": 0.00020851795860918522,
    "zr": 0.0001563884689568889,
    "bd": 0.00010425897930459261,
    "dh": 5.2129489652296305e-05,
    "mb": 0.0001563884689568889,
    "sg": 0.00010425897930459261,
    "dm": 5.2129489652296305e-05,
    "gs": 0.0002606474482614815,
    "sb": 0.00010425897930459261,
    "bs": 0.0001563884689568889,
    "db": 5.2129489652296305e-05,
    "mk": 5.2129489652296305e-05,
    "gh": 5.2129489652296305e-05,
    "bk": 0.0001563884689568889,
    "tk": 5.2129489652296305e-05,
    "td": 5.2129489652296305e-05,
    "zm": 5.2129489652296305e-05,
    "mn": 5.2129489652296305e-05,
    "tg": 5.2129489652296305e-05,
    "sm": 5.2129489652296305e-05
  },
  "suffix_weights": {
    "dr": 0.0009523809523809524,
    "rg": 0.10217687074829931,
    "ug": 0.1364625850340136,
    "ok": 0.13931972789115646,
    "ro": 0.029523809523809525,
    "gr": 0.08979591836734693,
    "ra": 0.027210884353741496,
    "sh": 0.10408163265306122,
    "ru": 0.03346938775510204,
    "uk": 0.03931972789115646,
    "ak": 0.035510204081632656,
    "ag": 0.04285714285714286,
    "og": 0.03306122448979592,
    "gu": 0.023809523809523808,
    "go": 0.016462585034013606,
    "ur": 0.014693877551020407,
    "ob": 0.0006802721088435374,
    "za": 0.00027210884353741496,
    "ar": 0.0069387755102040816,
    "um": 0.00027210884353741496,
    "uh": 0.0008163265306122449,
    "mu": 0.0009523809523809524,
    "ga": 0.017006802721088437,
    "uu": 0.00816326530612245,
    "ko": 0.009523809523809525,
    "ou": 0.0051700680272108845,
    "ao": 0.0038095238095238095,
    "or": 0.0069387755102040816,
    "ku": 0.01850340136054422,
    "aa": 0.002993197278911565,
    "ua": 0.005442176870748299,
    "uo": 0.005442176870748299,
    "au": 0.004081632653061225,
    "ka": 0.01020408163265306,
    "oo": 0.0024489795918367346,
    "hu": 0.0005442176870748299,
    "oz": 0.0005442176870748299,
    "so": 0.00013605442176870748,
    "hd": 0.00027210884353741496,
    "ah": 0.00040816326530612246,
    "do": 0.0009523809523809524,
    "kr": 0.0008163265306122449,
    "uz": 0.0005442176870748299,
    "du": 0.0013605442176870747,
    "na": 0.0005442176870748299,
    "no": 0.0013605442176870747,
    "nu": 0.0008163265306122449,
    "ma": 0.0005442176870748299,
    "mo": 0.0010884353741496598,
    "ud": 0.0006802721088435374,
    "zo": 0.00013605442176870748,
    "tu": 0.0005442176870748299,
    "oa": 0.0021768707482993197,
    "kg": 0.00027210884353741496,
    "ho": 0.00040816326530612246,
    "da": 0.0014965986394557824,
    "to": 0.0006802721088435374,
    "az": 0.00013605442176870748,
    "od": 0.00013605442176870748,
    "ba": 0.0006802721088435374,
    "rr": 0.00013605442176870748,
    "ub": 0.0008163265306122449,
    "gg": 0.00027210884353741496,
    "am": 0.00027210884353741496,
    "ha": 0.0005442176870748299,
    "us": 0.00013605442176870748,
    "ut": 0.00013605442176870748,
    "hk": 0.00013605442176870748,
    "bu": 0.00027210884353741496,
    "sa": 0.00027210884353741496,
    "ad": 0.00013605442176870748,
    "su": 0.00027210884353741496,
    "os": 0.00013605442176870748,
    "om": 0.00013605442176870748,
    "bo": 0.00027210884353741496,
    "oh": 0.00013605442176870748,
    "ab": 0.00013605442176870748,
    "kb": 0.00013605442176870748
  },
  "syllable_distribution": {
    "2": 0.2563265306122449,
    "3": 0.2508843537414966,
    "4": 0.1908843537414966,
    "1": 0.12122448979591836,
    "5": 0.11945578231292517,
    "6": 0.04653061224489796,
    "7": 0.013605442176870748,
    "8": 0.0008163265306122449,
    "9": 0.00027210884353741496
  }
}