{
  "species": "tabaxi",
  "vowel_weights": {
    "a": 0.40001832424756056,
    "e": 0.09835539878143754,
    "i": 0.4018049383847176,
    "o": 0.0998213385862843
  },
  "consonant_weights": {
    "b": 0.1774837906870129,
    "x": 0.33040801624205907,
    "t": 0.3173750736786954,
    "r": 0.14107014211801688,
    "k": 0.03366297727421573
  },
  "cluster_weights": {},
  "suffix_weights": {
    "xi": 0.25257142857142856,
    "ai": 0.027428571428571427,
    "ti": 0.24885714285714286,
    "aa": 0.033428571428571426,
    "ra": 0.24771428571428572,
    "ao": 0.029142857142857144,
    "ia": 0.019142857142857142,
    "xe": 0.0037142857142857142,
    "bo": 0.0054285714285714284,
    "ii": 0.018571428571428572,
    "to": 0.004285714285714286,
    "ae": 0.03428571428571429,
    "ie": 0.016285714285714285,
    "ki": 0.003142857142857143,
    "ka": 0.004,
    "xa": 0.004571428571428572,
    "xo": 0.0054285714285714284,
    "io": 0.012571428571428572,
    "bi": 0.004571428571428572,
    "ba": 0.004571428571428572,
    "ke": 0.0037142857142857142,
    "te": 0.003142857142857143,
    "ko": 0.004285714285714286,
    "ta": 0.0054285714285714284,
    "be": 0.0037142857142857142
  },
  "syllable_distribution": {
    "6": 0.2037142857142857,
    "5": 0.21285714285714286,
    "3": 0.20457142857142857,
    "4": 0.3522857142857143,
    "2": 0.026571428571428572
  }
}