{
  "species": "tiefling",
  "vowel_weights": {
    "i": 0.4218393480791618,
    "e": 0.20665890570430734,
    "o": 0.08395809080325961,
    "a": 0.28754365541327126
  },
  "consonant_weights": {
    "f": 0.22416702830416124,
    "t": 0.2511692945657939,
    "h": 0.16804088914605333,
    "l": 0.2349679348088143,
    "s": 0.08693765369593519,
    "d": 0.012151019817734702,
    "n": 0.01137952649597377,
    "g": 0.011186653165533536
  },
  "cluster_weights": {
    "th": 0.3817922874671341,
    "hf": 0.1217134092900964,
    "fl": 0.15687992988606486,
    "sf": 0.06277388255915864,
    "lf": 0.06288343558282208,
    "ht": 0.0439307624890447,
    "st": 0.023444347063978965,
    "hl": 0.04141104294478527,
    "lt": 0.021581945661700262,
    "hd": 0.006244522348816828,
    "sl": 0.025416301489921123,
    "ll": 0.02212971078001753,
    "lg": 0.003067484662576687,
    "ld": 0.0037248028045574057,
    "sn": 0.0026292725679228747,
    "hg": 0.005915863277826468,
    "hn": 0.0056967572304995615,
    "ln": 0.003943908851884312,
    "sg": 0.0021910604732690623,
    "sd": 0.0026292725679228747
  },
  "suffix_weights": {
    "th": 0.40914285714285714,
    "os": 0.20457142857142857,
    "al": 0.20114285714285715,
    "ea": 0.008857142857142857,
    "ai": 0.009142857142857144,
    "la": 0.011428571428571429,
    "ee": 0.015142857142857144,
    "ia": 0.023142857142857142,
    "ii": 0.019142857142857142,
    "ie": 0.019142857142857142,
    "te": 0.0025714285714285713,
    "ne": 0.0017142857142857142,
    "ge": 0.0025714285714285713,
    "ae": 0.011142857142857144,
    "ga": 0.0017142857142857142,
    "ti": 0.0017142857142857142,
    "aa": 0.010571428571428572,
    "le": 0.010285714285714285,
    "fa": 0.001142857142857143,
    "di": 0.0017142857142857142,
    "ei": 0.010857142857142857,
    "li": 0.009142857142857144,
    "fi": 0.0037142857142857142,
    "na": 0.001142857142857143,
    "de": 0.002285714285714286,
    "ta": 0.001142857142857143,
    "gi": 0.0017142857142857142,
    "fe": 0.0014285714285714286,
    "da": 0.0017142857142857142,
    "ni": 0.0008571428571428571
  },
  "syllable_distribution": {
    "3": 0.5025714285714286,
    "2": 0.49742857142857144
  }
}