{
  "species": "aasimar",
  "vowel_weights": {
    "i": 0.28630045218556355,
    "a": 0.5251214201976219,
    "e": 0.1885781276168146
  },
  "consonant_weights": {
    "r": 0.42334518915423347,
    "m": 0.18379601829183795,
    "l": 0.20804656104208047,
    "s": 0.1848122315118481
  },
  "cluster_weights": {
    "rs": 0.1478805394990366,
    "ls": 0.2960019267822736,
    "rm": 0.14426782273603084,
    "lm": 0.29335260115606937,
    "lr": 0.0804431599229287,
    "rr": 0.038053949903660886
  },
  "suffix_weights": {
    "el": 0.49228571428571427,
    "ri": 0.09742857142857143,
    "ra": 0.09342857142857143,
    "si": 0.014285714285714285,
    "ar": 0.2582857142857143,
    "mi": 0.012571428571428572,
    "sa": 0.015428571428571429,
    "ma": 0.016285714285714285
  },
  "syllable_distribution": {
    "2": 0.06371428571428571,
    "5": 0.264,
    "4": 0.2674285714285714,
    "3": 0.23257142857142857,
    "6": 0.1722857142857143
  }
}