{
  "species": "bugbear",
  "vowel_weights": {
    "o": 0.10105849582172702,
    "i": 0.0988857938718663,
    "u": 0.4182729805013928,
    "e": 0.19086350974930363,
    "a": 0.1909192200557103
  },
  "consonant_weights": {
    "b": 0.22368656182987848,
    "r": 0.4558166547533953,
    "g": 0.29735525375268046,
    "n": 0.023141529664045746
  },
  "cluster_weights": {
    "br": 0.2615863500115287,
    "rg": 0.11263546230112981,
    "gr": 0.25835831219737143,
    "rb": 0.20878487433709939,
    "gn": 0.007378372146645147,
    "rn": 0.022942125893474753,
    "gg": 0.03769887018676504,
    "gb": 0.0709015448466682,
    "rr": 0.0197140880793175
  },
  "suffix_weights": {
    "er": 0.19457142857142856,
    "ri": 0.02057142857142857,
    "ug": 0.208,
    "ar": 0.20114285714285715,
    "ur": 0.1982857142857143,
    "go": 0.014,
    "ro": 0.025142857142857144,
    "ru": 0.02057142857142857,
    "ra": 0.022,
    "nu": 0.002285714285714286,
    "gi": 0.015142857142857144,
    "re": 0.02142857142857143,
    "bo": 0.003142857142857143,
    "ne": 0.002285714285714286,
    "ga": 0.012285714285714285,
    "gu": 0.013142857142857144,
    "na": 0.0017142857142857142,
    "ge": 0.008857142857142857,
    "ni": 0.002,
    "ba": 0.004285714285714286,
    "bu": 0.003142857142857143,
    "bi": 0.002285714285714286,
    "no": 0.002285714285714286,
    "be": 0.0014285714285714286
  },
  "syllable_distribution": {
    "4": 0.2377142857142857,
    "3": 0.4062857142857143,
    "5": 0.06828571428571428,
    "2": 0.2805714285714286,
    "6": 0.007142857142857143
  }
}