{
  "species": "elf",
  "vowel_weights": {
    "a": 0.23706047592909496,
    "o": 0.1699008750121081,
    "u": 0.17338800813664396,
    "e": 0.21726776662038683,
    "i": 0.20238287430176616
  },
  "consonant_weights": {
    "m": 0.2422752094427297,
    "l": 0.2581487636943323,
    "n": 0.2503476579723909,
    "r": 0.2492283688905471
  },
  "cluster_weights": {
    "ln": 0.06406149903907751,
    "nn": 0.05637411915438821,
    "nr": 0.05124919923126201,
    "rl": 0.06790518898142217,
    "rm": 0.0877642536835362,
    "mr": 0.057014734144778985,
    "lm": 0.048046124279308135,
    "rn": 0.06149903907751442,
    "nm": 0.05637411915438821,
    "mn": 0.057014734144778985,
    "nl": 0.07687379884689302,
    "ml": 0.08199871877001921,
    "lr": 0.06534272901985906,
    "rr": 0.06213965406790519,
    "ll": 0.06278026905829596,
    "mm": 0.04356181934657271
  },
  "suffix_weights": {
    "om": 0.002268190890945382,
    "uo": 0.0008165487207403375,
    "la": 0.043367809834875704,
    "ia": 0.018780620577027764,
    "ra": 0.0403737978588278,
    "ro": 0.03483941208492107,
    "ii": 0.0010887316276537834,
    "lo": 0.04109961894393032,
    "me": 0.04109961894393032,
    "na": 0.04309562692796226,
    "er": 0.005443658138268917,
    "mu": 0.03992015968063872,
    "lu": 0.04581745599709672,
    "am": 0.005897296316457993,
    "ai": 0.0024496461622210124,
    "mi": 0.04073670840137906,
    "ol": 0.0024496461622210124,
    "ea": 0.013881328252585737,
    "li": 0.05080747595717656,
    "ee": 0.001905280348394121,
    "au": 0.0013609145345672292,
    "un": 0.0028125567047722734,
    "ae": 0.017419706042460535,
    "ne": 0.03955724913808746,
    "re": 0.043277082199237885,
    "an": 0.007348938486663037,
    "oo": 0.002177463255307567,
    "ma": 0.04109961894393032,
    "in": 0.00326619488296135,
    "le": 0.04463799673380512,
    "al": 0.008619125385592452,
    "el": 0.004082743603701687,
    "no": 0.0457267283614589,
    "im": 0.0017238250771184902,
    "mo": 0.03765196878969334,
    "ni": 0.04227907820722192,
    "ru": 0.046543277082199234,
    "nu": 0.03955724913808746,
    "ri": 0.04264198874977318,
    "ur": 0.002540373797858828,
    "ao": 0.0013609145345672292,
    "eu": 0.001633097441480675,
    "ui": 0.0005443658138268917,
    "um": 0.0029940119760479044,
    "em": 0.004264198874977318,
    "en": 0.00326619488296135,
    "ml": 0.0005443658138268917,
    "rr": 0.00027218290691344586,
    "rm": 0.0008165487207403375,
    "or": 0.001633097441480675,
    "mm": 0.00027218290691344586,
    "rn": 0.0003629105425512611,
    "nr": 0.0004536381781890764,
    "ul": 0.001905280348394121,
    "il": 0.0023589185265831974,
    "on": 0.0020867356196697514,
    "aa": 0.001905280348394121,
    "ar": 0.004627109417528579,
    "oa": 0.0008165487207403375,
    "ei": 0.0013609145345672292,
    "ue": 0.001905280348394121,
    "ir": 0.00326619488296135,
    "mr": 0.00027218290691344586,
    "ln": 0.0003629105425512611,
    "eo": 0.001905280348394121,
    "oe": 0.0005443658138268917,
    "nm": 0.0004536381781890764,
    "mn": 0.0004536381781890764,
    "ie": 0.0008165487207403375,
    "io": 0.00027218290691344586,
    "oi": 0.0008165487207403375,
    "ua": 0.0008165487207403375,
    "ou": 0.0013609145345672292,
    "iu": 0.0005443658138268917,
    "rl": 0.000635093449464707,
    "ll": 0.00027218290691344586,
    "uu": 0.00027218290691344586,
    "lr": 0.000635093449464707,
    "nn": 0.00027218290691344586,
    "nl": 0.00018145527127563056
  },
  "syllable_distribution": {
    "1": 0.048448557430593356,
    "2": 0.3563781527853384,
    "3": 0.5951732897840682
  }
}