{
  "species": "firbolg",
  "vowel_weights": {
    "i": 0.22503540073633532,
    "u": 0.22690455961484,
    "a": 0.2236760124610592,
    "e": 0.10065137354856982,
    "o": 0.2237326536391957
  },
  "consonant_weights": {
    "f": 0.2032767989461551,
    "r": 0.38292441956199574,
    "l": 0.20060102091223447,
    "g": 0.10748394533179648,
    "b": 0.10571381524781821
  },
  "cluster_weights": {
    "fr": 0.2163479565054368,
    "lf": 0.07255343082114736,
    "lg": 0.21194225721784776,
    "gf": 0.06964754405699287,
    "br": 0.2001312335958005,
    "lr": 0.005718035245594301,
    "rb": 0.03815148106486689,
    "rg": 0.006561679790026247,
    "lb": 0.03674540682414698,
    "rf": 0.06917885264341957,
    "gb": 0.03637045369328834,
    "gr": 0.006186726659167604,
    "gg": 0.004686914135733034,
    "rl": 0.007967754030746156,
    "gl": 0.006374203224596925,
    "rr": 0.0055305586801649795,
    "ll": 0.005905511811023622
  },
  "suffix_weights": {
    "ar": 0.24571428571428572,
    "lg": 0.25114285714285717,
    "ul": 0.25,
    "re": 0.03942857142857143,
    "ru": 0.03571428571428571,
    "ro": 0.038,
    "ri": 0.04257142857142857,
    "lu": 0.004571428571428572,
    "ra": 0.040857142857142856,
    "go": 0.002,
    "gu": 0.002285714285714286,
    "ba": 0.004285714285714286,
    "ge": 0.002285714285714286,
    "bu": 0.002285714285714286,
    "be": 0.004,
    "fo": 0.0037142857142857142,
    "fu": 0.004,
    "lo": 0.003142857142857143,
    "fi": 0.002285714285714286,
    "gi": 0.002857142857142857,
    "li": 0.002857142857142857,
    "bi": 0.002285714285714286,
    "le": 0.002,
    "la": 0.002,
    "fa": 0.003142857142857143,
    "fe": 0.0025714285714285713,
    "bo": 0.002285714285714286,
    "ga": 0.0017142857142857142
  },
  "syllable_distribution": {
    "5": 0.07142857142857142,
    "4": 0.24657142857142858,
    "3": 0.40514285714285714,
    "2": 0.26857142857142857,
    "6": 0.008285714285714285
  }
}