{
  "species": "goblin",
  "vowel_weights": {
    "i": 0.2265481105112734,
    "e": 0.10701810098443951,
    "o": 0.21886313115274691,
    "a": 0.22559542711972055,
    "u": 0.22197523023181961
  },
  "consonant_weights": {
    "b": 0.1409238776837996,
    "g": 0.13754066363044892,
    "n": 0.3131641726306658,
    "r": 0.20086749078291044,
    "l": 0.1371069182389937,
    "k": 0.07039687703318152
  },
  "cluster_weights": {
    "nb": 0.137405245273155,
    "br": 0.13252592140803346,
    "ng": 0.12938921320902674,
    "gl": 0.12520693561035115,
    "kr": 0.12250588132787314,
    "bl": 0.12877929772588656,
    "nk": 0.06534808747930644,
    "nn": 0.008887339897185676,
    "nl": 0.011501263396357934,
    "gr": 0.12790798989282914,
    "nr": 0.010542824779994773
  },
  "suffix_weights": {
    "in": 0.21257142857142858,
    "un": 0.20114285714285715,
    "an": 0.20085714285714285,
    "on": 0.196,
    "ra": 0.020285714285714285,
    "la": 0.016285714285714285,
    "ri": 0.021142857142857144,
    "le": 0.011714285714285714,
    "ru": 0.018571428571428572,
    "ro": 0.016,
    "lu": 0.014,
    "ba": 0.001142857142857143,
    "ne": 0.0025714285714285713,
    "re": 0.017714285714285714,
    "ni": 0.0014285714285714286,
    "li": 0.012571428571428572,
    "gi": 0.0008571428571428571,
    "go": 0.001142857142857143,
    "lo": 0.01685714285714286,
    "na": 0.0017142857142857142,
    "no": 0.0014285714285714286,
    "nu": 0.0014285714285714286,
    "bo": 0.0005714285714285715,
    "ge": 0.001142857142857143,
    "ke": 0.0014285714285714286,
    "ki": 0.001142857142857143,
    "ko": 0.0017142857142857142,
    "bi": 0.0005714285714285715,
    "ga": 0.0014285714285714286,
    "bu": 0.002,
    "ku": 0.0008571428571428571,
    "gu": 0.0005714285714285715,
    "be": 0.0008571428571428571,
    "ka": 0.00028571428571428574
  },
  "syllable_distribution": {
    "3": 0.49742857142857144,
    "2": 0.5025714285714286
  }
}