{
  "species": "halfling",
  "vowel_weights": {
    "o": 0.21661000485672657,
    "a": 0.2211198223825713,
    "i": 0.22125858599875112,
    "u": 0.12065496426836883,
    "e": 0.22035662249358218
  },
  "consonant_weights": {
    "f": 0.1489013796627491,
    "s": 0.025447112927950946,
    "y": 0.14420030659172203,
    "n": 0.16412876852324987,
    "l": 0.23096576392437404,
    "m": 0.2395503321410322,
    "t": 0.022381195707715892,
    "p": 0.024425140521205927
  },
  "cluster_weights": {
    "yl": 0.21209117938553024,
    "yn": 0.19028741328047571,
    "ym": 0.18136769078295342,
    "yf": 0.18533201189296333,
    "yp": 0.028741328047571853,
    "yt": 0.03270564915758176,
    "ys": 0.024777006937561942,
    "lm": 0.03468780971258672,
    "mm": 0.04558969276511397,
    "ll": 0.02973240832507433,
    "ml": 0.03468780971258672
  },
  "suffix_weights": {
    "ay": 0.03257142857142857,
    "oy": 0.030571428571428572,
    "mo": 0.017714285714285714,
    "ao": 0.031714285714285716,
    "ie": 0.17085714285714285,
    "io": 0.03942857142857143,
    "oo": 0.03142857142857143,
    "la": 0.018857142857142857,
    "uo": 0.028285714285714286,
    "ia": 0.03514285714285714,
    "oa": 0.033428571428571426,
    "uy": 0.032857142857142856,
    "ey": 0.027714285714285716,
    "lu": 0.013714285714285714,
    "le": 0.014857142857142857,
    "li": 0.01685714285714286,
    "ua": 0.038857142857142854,
    "eo": 0.03628571428571428,
    "fu": 0.005714285714285714,
    "mi": 0.015142857142857144,
    "se": 0.002,
    "pa": 0.0017142857142857142,
    "lo": 0.015428571428571429,
    "fo": 0.006857142857142857,
    "me": 0.01685714285714286,
    "ne": 0.006571428571428572,
    "ma": 0.018571428571428572,
    "ea": 0.037714285714285714,
    "iy": 0.032857142857142856,
    "fe": 0.0074285714285714285,
    "aa": 0.03257142857142857,
    "po": 0.001142857142857143,
    "fa": 0.006571428571428572,
    "na": 0.006285714285714286,
    "pu": 0.0005714285714285715,
    "no": 0.004571428571428572,
    "ni": 0.006285714285714286,
    "ti": 0.0008571428571428571,
    "su": 0.0008571428571428571,
    "pi": 0.002,
    "mu": 0.015142857142857144,
    "so": 0.001142857142857143,
    "nu": 0.006857142857142857,
    "am": 0.006857142857142857,
    "il": 0.006571428571428572,
    "ae": 0.0014285714285714286,
    "um": 0.004857142857142857,
    "om": 0.004571428571428572,
    "al": 0.0037142857142857142,
    "em": 0.0054285714285714284,
    "oi": 0.002,
    "el": 0.008,
    "ei": 0.003142857142857143,
    "im": 0.005142857142857143,
    "uu": 0.0017142857142857142,
    "ul": 0.006,
    "ee": 0.0008571428571428571,
    "sa": 0.0017142857142857142,
    "si": 0.0014285714285714286,
    "to": 0.0014285714285714286,
    "ta": 0.0008571428571428571,
    "fi": 0.005714285714285714,
    "ai": 0.002857142857142857,
    "ol": 0.006,
    "iu": 0.002285714285714286,
    "au": 0.001142857142857143,
    "ui": 0.003142857142857143,
    "ou": 0.002,
    "eu": 0.0017142857142857142,
    "ii": 0.0017142857142857142,
    "ue": 0.0017142857142857142,
    "oe": 0.0014285714285714286,
    "pe": 0.001142857142857143,
    "te": 0.0005714285714285715
  },
  "syllable_distribution": {
    "2": 0.5088571428571429,
    "3": 0.44571428571428573,
    "1": 0.04542857142857143
  }
}