{
  "species": "kobold",
  "vowel_weights": {
    "a": 0.30202418025279354,
    "u": 0.09484337790804176,
    "o": 0.5009617145997436,
    "e": 0.10217072723942114
  },
  "consonant_weights": {
    "b": 0.3181901447151493,
    "l": 0.2207363986078036,
    "k": 0.3227239421139403,
    "g": 0.09626305184099652,
    "d": 0.01946327166147646,
    "r": 0.022623191060633815
  },
  "cluster_weights": {
    "kl": 0.03230691569914185,
    "kb": 0.36092882382635033,
    "gb": 0.17869762746087833,
    "kk": 0.21680969207470974,
    "gl": 0.019687026754164564,
    "gk": 0.09136799596163554,
    "kd": 0.030792529025744572,
    "kr": 0.03785966683493185,
    "gd": 0.01337708228167592,
    "gr": 0.01817264008076729
  },
  "suffix_weights": {
    "ok": 0.25971428571428573,
    "ak": 0.24542857142857144,
    "ba": 0.023142857142857142,
    "og": 0.23685714285714285,
    "le": 0.03485714285714286,
    "lu": 0.030571428571428572,
    "lo": 0.037142857142857144,
    "bu": 0.020285714285714285,
    "bo": 0.018,
    "ko": 0.0037142857142857142,
    "la": 0.037142857142857144,
    "do": 0.002857142857142857,
    "be": 0.017142857142857144,
    "ro": 0.0017142857142857142,
    "ra": 0.002857142857142857,
    "ka": 0.004,
    "re": 0.0054285714285714284,
    "ke": 0.004285714285714286,
    "de": 0.0017142857142857142,
    "ku": 0.004,
    "da": 0.003142857142857143,
    "ru": 0.004,
    "du": 0.002
  },
  "syllable_distribution": {
    "3": 0.20085714285714285,
    "5": 0.22228571428571428,
    "4": 0.3502857142857143,
    "6": 0.19914285714285715,
    "2": 0.027428571428571427
  }
}