{
  "species": "tortle",
  "vowel_weights": {
    "e": 0.23636173985605508,
    "a": 0.3768645040158548,
    "o": 0.26718472932095544,
    "u": 0.11958902680713467
  },
  "consonant_weights": {
    "r": 0.28253511592486036,
    "l": 0.21907260111694027,
    "t": 0.4983922829581994
  },
  "cluster_weights": {
    "tl": 0.6624379481522339,
    "tt": 0.3047435190292333,
    "tr": 0.032818532818532815
  },
  "suffix_weights": {
    "le": 0.27314285714285713,
    "ro": 0.04371428571428571,
    "la": 0.258,
    "ru": 0.047142857142857146,
    "et": 0.06,
    "at": 0.06314285714285714,
    "ot": 0.053714285714285714,
    "ut": 0.062,
    "re": 0.045714285714285714,
    "ra": 0.04914285714285714,
    "tu": 0.008,
    "ta": 0.008,
    "lu": 0.006571428571428572,
    "to": 0.010571428571428572,
    "te": 0.007142857142857143,
    "lo": 0.004
  },
  "syllable_distribution": {
    "8": 0.08914285714285715,
    "4": 0.20142857142857143,
    "6": 0.19514285714285715,
    "3": 0.08057142857142857,
    "5": 0.2382857142857143,
    "7": 0.16171428571428573,
    "2": 0.011428571428571429,
    "9": 0.022285714285714287
  }
}