{
  "species": "yuan-ti",
  "vowel_weights": {
    "a": 0.3506589028501379,
    "o": 0.13141281029727245,
    "i": 0.2737971192154459,
    "u": 0.24413116763714374
  },
  "consonant_weights": {
    "n": 0.11083948819307188,
    "t": 0.13564964111099553,
    "s": 0.5096743992510142,
    "z": 0.1345573702278165,
    "y": 0.10927910121710184
  },
  "cluster_weights": {
    "ss": 0.6845210371060394,
    "zn": 0.05216581276199348,
    "zy": 0.04937121564974383,
    "sn": 0.04471355379599441,
    "sy": 0.045800341561869275,
    "zs": 0.08802980903586399,
    "sz": 0.009004812917248875,
    "zt": 0.00807328054649899,
    "zz": 0.008849557522123894,
    "st": 0.009470579102623815
  },
  "suffix_weights": {
    "uz": 0.07171428571428572,
    "ti": 0.25542857142857145,
    "aa": 0.026285714285714287,
    "az": 0.05971428571428571,
    "ss": 0.25314285714285717,
    "ai": 0.024,
    "oz": 0.06314285714285714,
    "uo": 0.012857142857142857,
    "iz": 0.055142857142857146,
    "zu": 0.003142857142857143,
    "tu": 0.0017142857142857142,
    "si": 0.016,
    "uu": 0.012571428571428572,
    "sa": 0.013428571428571429,
    "au": 0.022285714285714287,
    "ua": 0.011714285714285714,
    "ao": 0.02542857142857143,
    "za": 0.002857142857142857,
    "yi": 0.0034285714285714284,
    "so": 0.014571428571428572,
    "su": 0.012571428571428572,
    "zo": 0.0037142857142857142,
    "ui": 0.012571428571428572,
    "ni": 0.002285714285714286,
    "to": 0.002857142857142857,
    "nu": 0.0034285714285714284,
    "yu": 0.0034285714285714284,
    "yo": 0.002,
    "na": 0.002,
    "zi": 0.0025714285714285713,
    "ta": 0.002285714285714286,
    "ya": 0.0005714285714285715,
    "no": 0.001142857142857143
  },
  "syllable_distribution": {
    "3": 0.396,
    "4": 0.24742857142857144,
    "2": 0.2722857142857143,
    "6": 0.006285714285714286,
    "5": 0.078
  }
}